ARI001	F	F
ARI002	F	F
ARI003	F	F
ARI004	M	M
ARI006	M	M
ARI008	M	M
ARI010	F	F
ARI013	M	M
ARI014	M	M
ARI015	F	F
ARI017	F	F
ARI018	M	M
ARI019	F	F
ARI021	M	M
ARI022	F	F
ARI023	M	M
CDSJ020	F	F
CDSJ021	M	M
CDSJ032	F	F
CDSJ046	M	M
CDSJ048	F	F
CDSJ099	M	M
CDSJ106	F	F
CDSJ108	F	F
CDSJ118	F	F
CDSJ122	F	F
CDSJ157	M	M
CDSJ167	F	F
CDSJ174	M	M
CDSJ175	M	M
CDSJ176	M	M
CDSJ177	M	M
CDSJ262	F	F
CDSJ283	M	M
CDSJ284	M	M
CDSJ297	M	M
CDSJ299	M	M
CDSJ321	M	M
CDSJ344	M	M
CDSJ347	M	M
CDSJ361	M	M
CDSJ372	F	F
CDSJ400	M	M
CDSJ403	F	F
CDSJ417	F	F
CDSJ469	F	F
CDSJ471	M	M
CDSJ472	M	M
